﻿<?xml version="1.0" encoding="UTF-8"?>
<prefab>
  <property name="CopyAirBlocks" value="True" />
  <property name="ExcludeDistantPOIMesh" value="False" />
  <property name="ExcludePOICulling" value="False" />
  <property name="DistantPOIYOffset" value="0" />
  <property name="AllowTopSoilDecorations" value="False" />
  <property name="DifficultyTier" value="0" />
  <property name="ShowQuestClearCount" value="1" />
  <property name="TraderArea" value="True" />
  <property name="PrefabSize" value="7, 2, 3" />
  <property name="RotationToFaceNorth" value="2" />
  <property name="Zoning" value="any" />
  <property name="EditorGroups" value="any" />
  <property name="Tags" value="trader" />
  <property name="QuestTags" value="trader" />
  <property class="IndexedBlockOffsets">
    <property class="Trader">
      <property name="0" value="3, 0, 1" />
    </property>
  </property>
  <property class="Stats">
    <property name="TotalVertices" value="351031" />
    <property name="TotalTriangles" value="87457" />
    <property class="BlockEntities">
      <property name="Vertices" value="350888" />
      <property name="Triangles" value="87366" />
    </property>
    <property class="ChunkMeshes0">
      <property name="Vertices" value="143" />
      <property name="Triangles" value="91" />
    </property>
    <property class="ChunkMeshes1">
      <property name="Vertices" value="0" />
      <property name="Triangles" value="0" />
    </property>
    <property class="ChunkMeshes2">
      <property name="Vertices" value="0" />
      <property name="Triangles" value="0" />
    </property>
    <property class="ChunkMeshes3">
      <property name="Vertices" value="0" />
      <property name="Triangles" value="0" />
    </property>
    <property class="ChunkMeshes4">
      <property name="Vertices" value="0" />
      <property name="Triangles" value="0" />
    </property>
    <property class="ChunkMeshes5">
      <property name="Vertices" value="0" />
      <property name="Triangles" value="0" />
    </property>
    <property class="ChunkMeshes6">
      <property name="Vertices" value="0" />
      <property name="Triangles" value="0" />
    </property>
  </property>
</prefab>