﻿<?xml version="1.0" encoding="UTF-8"?>
<prefab>
  <property name="CopyAirBlocks" value="True" />
  <property name="ExcludeDistantPOIMesh" value="False" />
  <property name="ExcludePOICulling" value="True" />
  <property name="DistantPOIYOffset" value="0" />
  <property name="AllowTopSoilDecorations" value="False" />
  <property name="QuestTags" value="trader" />
  <property name="DifficultyTier" value="0" />
  <property name="ShowQuestClearCount" value="1" />
  <property name="AllowedTownships" value="city,town,rural,wilderness" />
  <property name="TraderArea" value="True" />
  <property name="PrefabSize" value="6, 5, 5" />
  <property name="RotationToFaceNorth" value="2" />
  <property name="Zoning" value="any" />
  <property name="Tags" value="industrial,countrytown,gateway,nocheckpoint" />
  <property name="ThemeTags" value="trader" />
  <property name="EditorGroups" value="settlements" />
  <property name="TeleportVolumeSize" value="" />
  <property name="TeleportVolumeStart" value="" />
  <property name="QuestTags" value="trader" />
  <property class="IndexedBlockOffsets">
    <property class="TraderOnOff">
      <property name="0" value="2, 2, 4" />
    </property>
    <property class="Trader">
      <property name="0" value="3, 0, 1" />
    </property>
  </property>
  <property class="Stats">
    <property name="TotalVertices" value="62544" />
    <property name="TotalTriangles" value="23539" />
    <property class="BlockEntities">
      <property name="Vertices" value="61848" />
      <property name="Triangles" value="23179" />
    </property>
    <property class="ChunkMeshes0">
      <property name="Vertices" value="696" />
      <property name="Triangles" value="360" />
    </property>
    <property class="ChunkMeshes1">
      <property name="Vertices" value="0" />
      <property name="Triangles" value="0" />
    </property>
    <property class="ChunkMeshes2">
      <property name="Vertices" value="0" />
      <property name="Triangles" value="0" />
    </property>
    <property class="ChunkMeshes3">
      <property name="Vertices" value="0" />
      <property name="Triangles" value="0" />
    </property>
    <property class="ChunkMeshes4">
      <property name="Vertices" value="0" />
      <property name="Triangles" value="0" />
    </property>
    <property class="ChunkMeshes5">
      <property name="Vertices" value="0" />
      <property name="Triangles" value="0" />
    </property>
    <property class="ChunkMeshes6">
      <property name="Vertices" value="0" />
      <property name="Triangles" value="0" />
    </property>
  </property>
</prefab>