﻿<?xml version="1.0" encoding="UTF-8"?>
<prefab>
  <property name="CopyAirBlocks" value="True" />
  <property name="AllowTopSoilDecorations" value="True" />
  <property name="ExcludeDistantPOIMesh" value="False" />
  <property name="ExcludePOICulling" value="False" />
  <property name="DifficultyTier" value="5" />
  <property name="YOffset" value="-20" />
  <property name="DistantPOIYOffset" value="0" />
  <property name="AllowedBiomes" value="snow,desert,pineforest,wasteland" />
  <property name="EditorGroups" value="industrial" />
  <property name="SleeperVolumeStart" value="86, 9, 35#13, 12, 26#52, 13, 52#14, 10, 45#59, 5, 26#108, 16, 40#80, 26, 39#80, 26, 28#120, 26, 34#113, 26, 34#106, 26, 32#98, 26, 30#147, 26, 38#141, 26, 43#109, 8, 41#94, 20, 35#94, 20, 50#87, 19, 47#80, 20, 47#108, 20, 38#134, 20, 42#127, 26, 49#112, 26, 50#104, 26, 51#97, 26, 52#80, 26, 53#47, 17, 55#5, 1, 32#9, 1, 28#21, 32, 6#21, 20, 0#74, 20, 0#134, 20, 23#131, 20, 52#28, 13, 73#5, 20, 48#16, 20, 24#5, 26, 52#23, 20, 50#41, 20, 50#59, 20, 50#60, 20, 39#42, 20, 39#23, 20, 39#23, 24, 52#41, 24, 52#59, 24, 52#65, 26, 37#65, 25, 25#56, 26, 24#55, 26, 17#21, 20, 16#27, 20, 16#41, 20, 16#55, 20, 20#64, 20, 26#47, 20, 74#30, 20, 74#13, 20, 74#29, 20, 67#26, 29, 60#36, 29, 60#7, 29, 68#72, 11, 49#72, 13, 40#74, 13, 27#60, 13, 50#60, 13, 39#59, 13, 39#54, 16, 24#31, 10, 24#13, 16, 34#12, 16, 24#13, 17, 46#29, 17, 46#33, 17, 46#26, 17, 46#41, 26, 16#27, 26, 16#26, 12, 36#83, 1, 45#83, 1, 28#75, 1, 54#67, 1, 38#50, 1, 38#24, 1, 45#14, 6, 25#37, 1, 42#26, 6, 63#1, 8, 36#-7, 8, 51#1, 13, 59#8, 13, 56#32, 13, 58#26, 14, 47#37, 9, 48#82, 20, 29#93, 32, 40#0, 32, 34#75, 25, 16#65, 8, 24#74, 13, 20#71, 13, 36#24, 17, 46#10, 19, 52#12, 17, 46#23, 17, 56#25, 20, 51#23, 20, 38#-3, 13, 45#0, 12, 34#-5, 12, 23#-5, 8, 24#1, 8, 36#-3, 9, 54#6, 1, 61#57, 14, 38#98, 32, 28#6, 31, 5#1, 26, 15#0, 16, 27#31, 24, 1#32, 1, 26#116, 9, 38#134, 9, 38#136, 13, 38#103, 12, 36#38, 10, 49#27, 10, 50#18, 10, 50#51, 13, 78#41, 13, 74#63, 13, 81#27, 7, 58" />
  <property name="SleeperVolumeSize" value="7, 5, 21#12, 3, 18#8, 3, 14#22, 2, 18#18, 2, 3#37, 2, 12#14, 4, 13#14, 5, 10#6, 5, 7#6, 5, 7#6, 5, 8#7, 5, 9#14, 4, 13#6, 5, 10#36, 6, 10#14, 4, 7#14, 5, 4#6, 6, 12#6, 5, 15#26, 5, 14#8, 10, 8#7, 5, 5#11, 5, 8#8, 5, 7#7, 5, 9#17, 5, 9#11, 2, 11#7, 5, 29#3, 2, 4#72, 5, 82#53, 17, 6#41, 12, 25#32, 14, 16#34, 14, 15#13, 4, 12#18, 4, 19#7, 6, 24#18, 2, 15#18, 4, 17#18, 4, 17#19, 4, 17#19, 4, 11#18, 4, 11#19, 4, 11#18, 4, 15#18, 4, 15#20, 4, 15#14, 2, 15#14, 3, 12#9, 3, 15#10, 3, 7#6, 9, 7#14, 3, 23#14, 3, 23#9, 3, 19#15, 3, 13#18, 10, 10#17, 10, 11#17, 10, 10#31, 7, 7#10, 2, 5#43, 2, 8#48, 2, 5#10, 4, 17#10, 6, 9#8, 6, 13#15, 6, 2#15, 6, 2#19, 1, 13#11, 3, 5#22, 3, 2#23, 3, 4#24, 3, 10#12, 2, 18#4, 2, 18#3, 2, 18#3, 2, 18#14, 4, 23#14, 4, 23#11, 3, 9#15, 7, 17#15, 7, 17#8, 10, 8#15, 3, 15#15, 3, 15#15, 3, 15#16, 3, 18#15, 3, 31#18, 4, 10#15, 3, 15#15, 3, 15#5, 3, 8#15, 3, 15#15, 3, 15#15, 3, 15#16, 4, 15#15, 4, 15#15, 3, 15#20, 8, 22#15, 6, 10#13, 3, 6#8, 2, 19#11, 2, 14#15, 3, 15#15, 3, 15#12, 2, 18#14, 2, 11#15, 3, 15#15, 4, 15#15, 4, 13#16, 4, 12#17, 3, 12#17, 3, 12#15, 3, 15#15, 3, 15#18, 3, 2#15, 3, 15#22, 3, 11#24, 4, 21#15, 3, 15#17, 3, 18#11, 5, 12#22, 3, 14#15, 3, 15#15, 3, 15#15, 3, 15#15, 3, 15#12, 2, 15#15, 3, 15#19, 2, 16#11, 3, 13#10, 3, 13#15, 3, 4#15, 3, 15" />
  <property name="SleeperVolumeGroup" value="S_-_Group_Zom_Badass_Only,3,6,S_-_Group_Zom_Soldier,3,6,S_-_Group_Zom_Soldier,1,1,S_-_Group_Zom_Soldier,5,10,S_-_Group_Zom_Soldier,2,4,S_-_Group_Zom_Soldier,3,6,S_-_Group_Zom_Soldier,3,6,S_-_Group_Zom_Soldier,3,6,S_Zom_Businessman,1,2,S_Zom_Businessman,1,3,S_Zom_Businessman,1,2,S_Zom_Businessman,2,3,S_-_Group_Zom_Badass_Only,2,3,S_Zom_Businessman,2,3,S_-_Group_Lab_Worker,4,7,S_Zom_Businessman,2,4,S_Zom_Businessman,2,3,S_Zom_Businessman,1,2,S_Zom_Businessman,2,4,S_Zom_HazMat_Only,4,8,S_Zom_Businessman,1,2,S_Zom_Businessman,1,2,S_Zom_Businessman,1,3,S_Zom_Businessman,1,3,S_Zom_Businessman,1,3,S_Zom_HazMat_Only,2,4,S_-_Group_Zom_Soldier,3,5,S_Zom_Utility_Worker,4,8,S_-_Group_Zom_Soldier,1,2,animalZombieVulture,13,15,S_-Group_Generic_Zombie,1,2,S_-_Group_Zom_Soldier,3,5,S_-Group_Generic_Zombie,1,2,S_-Group_Generic_Zombie,1,2,S_-Group_Generic_Zombie,3,6,S_Zom_Utility_Worker,1,3,S_Zom_Utility_Worker,1,3,S_Zom_Utility_Worker,2,4,S_Zom_Utility_Worker,5,6,S_Zom_Utility_Worker,1,3,S_Zom_Utility_Worker,3,6,S_Zom_Utility_Worker,1,2,S_Zom_Utility_Worker,5,6,S_Zom_Utility_Worker,7,8,S_Zom_Utility_Worker,3,6,S_Zom_Utility_Worker,2,4,S_Zom_Utility_Worker,2,4,S_Zom_Utility_Worker,1,2,S_Zom_Utility_Worker,1,3,S_Zom_Utility_Worker,2,4,S_Zom_Utility_Worker,1,2,S_Zom_Utility_Worker,1,1,S_Zom_Utility_Worker,1,3,S_Zom_Utility_Worker,2,4,S_Zom_Utility_Worker,1,3,S_Zom_Utility_Worker,2,4,S_Zom_Utility_Worker,1,2,S_Zom_Utility_Worker,1,2,S_Zom_Utility_Worker,1,2,S_Zom_Utility_Worker,1,2,S_Zom_Utility_Worker,1,1,S_Zom_Utility_Worker,1,2,S_Zom_Utility_Worker,1,1,S_-_Group_Zom_Soldier,1,3,S_-_Group_Zom_Soldier,1,1,S_-_Group_Zom_Soldier,1,3,S_Zom_Businessman,1,1,S_Zom_Businessman,1,1,S_Zom_Businessman,1,2,S_-_Group_Zom_Soldier,1,3,S_-_Group_Zom_Soldier,1,3,S_-_Group_Zom_Soldier,1,2,S_-_Group_Zom_Soldier,3,6,S_-_Group_Hospital,3,6,S_-_Group_Zom_Soldier,1,2,S_-_Group_Biker_Bar,1,2,S_-_Group_Biker_Bar,1,2,S_Zom_Utility_Worker,2,4,S_Zom_Utility_Worker,2,4,S_-_Group_Zom_Soldier,2,4,S_-_Group_Zom_Soldier,4,8,S_-_Group_Zom_Soldier,3,6,S_-_Group_Zom_Soldier,1,2,animalSnake,5,6,animalSnake,2,5,animalSnake,3,4,S_-_Group_Night_Club,7,8,S_-Group_Generic_Zombie,6,7,S_-Group_Generic_Zombie,5,6,S_-Group_Generic_Zombie,5,6,S_-Group_Generic_Zombie,5,6,S_-Group_Generic_Zombie,4,5,S_-Group_Generic_Zombie,5,6,S_-_Group_Night_Club,5,6,S_-Group_Generic_Zombie,5,6,S_-Group_Generic_Zombie,7,8,S_-Group_Generic_Zombie,5,6,S_-Group_Generic_Zombie,7,8,animalZombieVulture,11,15,S_-Group_Generic_Zombie,8,9,S_-Group_Generic_Zombie,4,5,S_-Group_Generic_Zombie,5,6,S_-Group_Generic_Zombie,7,8,S_-_Group_Zom_Badass,6,7,S_-Group_Generic_Zombie,5,6,S_-Group_Generic_Zombie,5,6,S_-Group_Generic_Zombie,5,6,S_-Group_Generic_Zombie,5,6,S_-Group_Generic_Zombie,7,8,S_-Group_Generic_Zombie,5,6,S_-Group_Generic_Zombie,5,6,S_-Group_Generic_Zombie,5,6,S_-Group_Generic_Zombie,7,8,S_-Group_Generic_Zombie,5,6,S_-Group_Generic_Zombie,5,6,S_-Group_Generic_Zombie,5,6,S_-Group_Generic_Zombie,5,6,animalChicken,3,4,animalZombieVulture,5,6,S_-Group_Generic_Zombie,5,6,S_-Group_Generic_Zombie,5,6,S_-Group_Generic_Zombie,5,6,S_-Group_Generic_Zombie,6,7,S_-Group_Generic_Zombie,5,6,S_-Group_Generic_Zombie,5,6,S_-Group_Generic_Zombie,5,6,S_-Group_Generic_Zombie,5,6,S_-Group_Generic_Zombie,5,6,S_-Group_Generic_Zombie,5,6,S_-Group_Generic_Zombie,5,6,S_-_Group_Zom_Soldier,3,6,S_Zom_Burnt,4,6,S_Zom_Spider_Only,4,6,S_-Group_Generic_Zombie,5,6" />
  <property name="SleeperVolumeGameStageAdjust" value=",,,,,,,,,,,,,,,,,,,,,,,,,,,,,,,,,,,,,,,,,,,,,,,,,,,,,,,,,,,,,,,,,,,,,,,,,,,,,,,,,,,,,,,,,,,,,,,,,,,,,,,,,,,,,,,,,,,,,,,,,,,,,,,,,,,,,,,,,,,,,,,,,,,,,,,,,,,,,,,,,,,,,,,,,,,,,,,,,,,,,,,,,,,,,,,,,,,,,,,,,,,,,,,,,,,,,,,,,,,,,,,,,,,,,,,,,,,,,,,,,,,,," />
  <property name="SleeperIsLootVolume" value="False,False,False,False,False,False,False,False,False,False,False,False,False,False,False,False,False,False,False,False,False,False,False,False,False,False,False,False,False,False,False,False,False,False,False,False,False,False,False,False,False,False,False,False,False,False,False,False,False,False,False,False,False,False,False,False,False,False,False,False,False,False,False,False,False,False,False,False,False,False,False,False,False,False,False,False,False,False,False,False,False,False,False,False,False,False,False,False,False,False,False,False,False,False,False,False,False,False,False,False,False,False,False,False,False,False,False,False,False,False,False,False,False,False,False,False,False,False,False,False,False,False,False,False,False,False,False,False,False,False,False,False,False,False" />
  <property name="SleeperIsBossVolume" value="False,False,True,False,False,False,False,False,False,False,False,False,False,False,False,False,True,False,False,False,False,False,False,False,False,False,False,False,False,False,False,False,False,False,False,False,False,False,False,False,False,False,False,False,False,False,False,False,False,False,False,False,False,False,False,False,False,False,False,False,False,False,False,False,False,False,True,False,False,True,False,False,False,False,False,False,False,False,False,False,True,False,False,True,False,False,False,False,False,False,False,False,False,False,False,False,False,False,False,False,False,False,False,False,False,False,False,False,False,False,False,False,False,False,False,False,False,False,False,False,False,False,False,False,False,False,False,False,False,False,False,False,False,False,False,False,False,False,False,False,False,False,False,False,False,False,False,False,False,False,False,False,False,False,False,False,False,False,False,False,False,False,False,False,False,False,False,False,False,False,False,False,False,False,False,False,False,False,False,False,False,False,False,False,False,False,False,False,False,False,False,False,False,False,False,False,False,False,False,False,False,False,False,False,False,False,False,False,False,False,False,False,False,False,False,False,False,False,False,False,False,False,False,False,False,False,False,False,False,False,False,False,False,False,False,False,False,False,False,False,False,False,False,False,False,False" />
  <property name="SleeperVolumeGroupId" value="0,0,0,0,0,0,0,0,0,0,0,0,0,0,0,0,0,0,0,0,0,0,0,0,0,0,0,0,0,0,0,0,0,0,0,0,0,0,0,0,0,0,0,0,0,0,0,0,0,0,0,0,0,0,0,0,0,0,0,0,0,0,0,0,0,0,0,0,0,0,0,0,0,0,0,0,0,0,0,0,0,0,0,0,0,0,0,0,0,0,0,0,0,0,0,0,0,0,0,0,0,0,0,0,0,0,0,0,0,0,0,0,0,0,0,0,0,0,0,0,0,0,0,0,0,0,0,0,0,0,0,0,0,0" />
  <property name="SleeperVolumeFlags" value="0,0,0,0,0,0,0,0,0,0,0,0,0,0,0,0,0,0,0,0,0,0,0,0,0,0,0,0,0,1,0,0,0,0,0,0,0,0,0,0,0,0,0,0,0,0,0,0,0,0,0,0,0,0,0,0,0,0,0,0,0,0,0,0,0,0,0,0,0,0,0,0,0,0,0,0,0,0,0,0,0,0,0,0,0,0,0,0,0,0,0,3,3,3,2,3,0,0,0,0,3,0,0,0,0,0,0,0,0,0,0,0,0,0,0,0,0,0,0,0,0,0,0,0,0,0,0,3,0,0,3,3,3,0" />
  <property name="RotationToFaceNorth" value="0" />
  <property name="ShowQuestClearCount" value="1" />
  <property name="SleeperIsQuestExclude" value="False,False,False,False,False,False,False,False,False,False,False,False,False,False,False,False,False,False,False,False,False,False,False,False,False,False,False,False,False,False,False,False,False,False,False,False,False,False,False,False,False,False,False,False,False,False,False,False,False,False,False,False,False,False,False,False,False,False,False,False,False,False,False,False,False,False,False,False,False,False,False,False,False,False,False,False,False,False,False,False,False,False,False,False,False,False,False,False,False,False,False,False,False,False,False,False,False,False,False,False,False,False,False,False,False,False,False,False,False,False,False,False,False,False,False,False,False,False,False,False,False,False,False,False,False,False,False,False,False,False,False,False,False,False" />
  <property name="Zoning" value="any" />
  <property name="Tags" value="industrial" />
  <property name="PrefabSize" value="166, 39, 91" />
  <property name="SleeperVolumeTriggeredBy" value=" # # # # # # # # # # # # # # # # # # # # # # # # # # # # # # # # # # # # # # # # # # # # # # # # # # # # # # # # # # # # # # # # # # # # # # # # # # # # # # # # # # # # # # # # # # #3#4#6# #7# # # # #8# # # # # # # # # # # # # # # # # # # # # # # # # # #15# # #18#17#16# " />
  <property name="QuestTags" value="trader, fetch, restore_power, infested, hidden_cache" />
  <property name="TraderArea" value="False" />
  <property class="Stats">
    <property name="TotalVertices" value="18162381" />
    <property name="TotalTriangles" value="7018523" />
    <property class="BlockEntities">
      <property name="Vertices" value="16139792" />
      <property name="Triangles" value="5697298" />
    </property>
    <property class="ChunkMeshes0">
      <property name="Vertices" value="1952307" />
      <property name="Triangles" value="1216557" />
    </property>
    <property class="ChunkMeshes1">
      <property name="Vertices" value="1664" />
      <property name="Triangles" value="832" />
    </property>
    <property class="ChunkMeshes2">
      <property name="Vertices" value="496" />
      <property name="Triangles" value="248" />
    </property>
    <property class="ChunkMeshes3">
      <property name="Vertices" value="7324" />
      <property name="Triangles" value="5284" />
    </property>
    <property class="ChunkMeshes4">
      <property name="Vertices" value="1208" />
      <property name="Triangles" value="604" />
    </property>
    <property class="ChunkMeshes5">
      <property name="Vertices" value="0" />
      <property name="Triangles" value="0" />
    </property>
    <property class="ChunkMeshes6">
      <property name="Vertices" value="59590" />
      <property name="Triangles" value="97700" />
    </property>
  </property>
  <property class="IndexedBlockOffsets">
    <property class="quest_wood_trees">
      <property name="0" value="164, 20, 72" />
    </property>
    <property class="POILight">
      <property name="0" value="165, 31, 57" />
    </property>
    <property class="TraderOnOff">
      <property name="0" value="152, 21, 45" />
      <property name="1" value="152, 21, 47" />
    </property>
    <property class="quest_feather">
      <property name="0" value="163, 32, 36" />
    </property>
    <property class="FetchContainer">
      <property name="0" value="105, 7, 53" />
    </property>
    <property class="Rally">
      <property name="0" value="163, 32, 45" />
    </property>
  </property>
</prefab>