	<configs>
	<!-- Begin Removal of quests that don't fit in to this pack / quests that are placed outside the main POI for this pack -->

		<remove xpath="/quests/quest[@id='quest_BasicSurvival1']" />
		<insertBefore xpath="/quests/quest[@id='quest_whiteRiverCitizen1']">
			
	  <quest id="quest_BasicSurvival1">
		<property name="name_key" value="challenge_StartingCarrier"/>
		<property name="subtitle_key" value="challenge_StartingCarrier"/>
		<property name="description_key" value="challenge_StartingCarrier_description"/>
        <property name="group_name_key" value="challenge_StartingCarrier"/>
        <property name="icon" value="ui_game_symbol_zombie"/>
		<property name="repeatable" value="false"/>
		<property name="category_key" value="quest"/>
		<property name="offer_key" value="quest_BasicSurvival_offer"/>
		<property name="difficulty" value="medium"/>
	   <action type="TrackQuest"/>

	   <objective type="EntityKill" value="10" phase="1">
		<property name="target_tags" value="zombie" />
	   </objective>
				
	   <!-- <reward type="Item" id="" value="1"/> -->
	   <reward type="Item" id="fannypack" value="1"/>
	   <reward type="Item" id="LoadoutTier2ArmorLight" value="1"/>
       <reward type="Item" id="modArmorHelmetLight" value="1"/>
	   <reward type="Item" id="bookWasteTreasuresAcid" value="1"/>
	   <reward type="SkillPoints" value="4" />
	   <reward type="Quest" id="quest_CarrierChallenge" />
       <reward type="Quest" id="quest_eliminatezombies10" />
				
	  </quest>
		
	  <quest id="quest_CarrierChallenge">
		<property name="name_key" value="quest_CarrierChallenge"/>
		<property name="subtitle_key" value="quest_CarrierChallenge_subtitle"/>
		<property name="description_key" value="quest_CarrierChallenge_description"/>
		<property name="icon" value="ui_game_symbol_map_trader"/>
		<property name="category_key" value="quest"/>
		<property name="difficulty" value="medium"/>
		<property name="offer_key" value="quest_CarrierChallenge"/>
		<property name="shareable" value="False"/>
		<property name="chainquest" value="true"/>
	   <action type="TrackQuest"/>

	   <objective type="Goto" id="trader" value="5" phase="1">
		<property name="biome_filter_type" value="any" />
		<property name="Zoning" value="any" />
	    <property name="nav_object" value="go_to_trader" />
	   </objective>

	   <objective type="InteractWithNPC">
	    <property name="phase" value="2"/>
	    <property name="nav_object" value="return_to_trader" />
        <property name="use_closest" value="true" />
	   </objective>

	    <!-- <reward type="Quest" id="quest_CarrierChallenge01" /> -->
       <reward type="Item" id="quest_CarrierChallenge01_paper" value="1"/>
	  </quest>
			
      <quest id="quest_CarrierChallenge01">
	    <property name="name_key" value="quest_CarrierChallenge01" param1="name" />
		<property name="subtitle_key" value="quest_CarrierChallenge01"/>
		<property name="description_key" value="Can you please find my supplies"/>
		<property name="icon" value="ui_game_symbol_quest"/>
		<property name="repeatable" value="false"/>
		<property name="category_key" value="challenge"/>
		<property name="difficulty" value="medium"/>
		<property name="difficulty_tier" value="1" param1="difficulty" />
		<property name="offer_key" value="quest_CarrierChallenge01" param1="offer" />
		<property name="statement_key" value="Find the and fetch item in the POI."/>
		<property name="response_key" value="Fetch supplies"/>
		<property name="login_rally_reset" value="true"/>
		<property name="reward_choices_count" value="5" />
		<property name="extra_tags" value="infested" param1="extra_tags" />
		<property name="shareable" value="true"/>

		<property name="completiontype" value="TurnIn"/>
		<property name="completion_key" value="quest_fetch_completion"/>
	
	   <action type="TrackQuest"/>

	   <objective type="ClosestPOIGoto">
		<property name="distance" value="100"/>
		<property name="phase" value="1"/>
	   </objective>

	   <objective type="RallyPoint">
		<property name="phase" value="2"/>
		<property name="nav_object" value="rally" />
	   </objective>

	   <objective type="FetchFromContainer">
		<property name="phase" value="3"/>
		<property name="quest_item_ID" value="1"/>
		<property name="item_count" value="1"/>
		<property name="default_container" value="cntFetchQuestSatchel"/>
		<property name="nav_object" value="fetch_container" />
	   </objective>

	   <objective type="POIStayWithin">
		<property name="phase" value="3"/>
		<property name="radius" value="25"/>
	   </objective>
		
	   <action type="UnlockPOI" >
		<property name="phase" value="3"/>
	   </action>

	   <objective type="Goto" id="trader" value="4" phase="1">
		<property name="nav_object" value="go_to_trader" />
		<property name="use_closest" value="true" />
	   </objective>

	   <objective type="InteractWithNPC">
		<property name="phase" value="4" />
		<property name="nav_object" value="return_to_trader" />
	   </objective>

	   <reward type="Exp" value="2500"/>
	   <reward type="Quest" id="quest_CarrierChallenge02"/>
		
	   <reward type="LootItem" id="groupQuestAmmo" ischosen="true" value="1"/>
	   <reward type="LootItem" id="groupQuestSchematics" ischosen="true" value="1"/>
	   <reward type="LootItem" id="groupQuestMods" ischosen="true" value="1"/>
	   <reward type="LootItem" id="groupQuestResources" ischosen="true" value="1"/>
	   <reward type="LootItem" id="groupQuestAmmo,groupQuestResources,groupQuestMods,groupQuestT1SkillMagazineBundle" ischosen="true" value="1"/>
	  </quest>

	  <quest id="quest_CarrierChallenge02">
        <property name="name_key" value="quest_CarrierChallenge02"/>
        <property name="subtitle_key" value="quest_CarrierChallenge02"/>
		<property name="description_key" value="quest_CarrierChallenge02_description"/>
		<property name="icon" value="ui_game_symbol_gyrocopter"/>
		<property name="repeatable" value="false"/>
		<property name="category_key" value="quest"/>
		<property name="offer_key" value="quest_CarrierChallenge02_offer"/>
		<property name="difficulty" value="medium"/>
		<property name="shareable" value="true"/>

	   <action type="TrackQuest"/>

	   <objective type="Fetch" id="resourceElectricParts" value="100" phase="1"/>
		<objective type="Fetch" id="resourceHeadlight" value="10" phase="1"/>
		<objective type="Fetch" id="resourceSpring" value="15" phase="1"/>
		<objective type="Fetch" id="resourceLeather" value="50" phase="1"/>
		<objective type="Fetch" id="resourceMetalPipe" value="40" phase="1"/>

		<reward type="Exp" value="50"/>
		<reward type="Quest" id="quest_CarrierChallenge03"/>
	  </quest>

	  <quest id="quest_CarrierChallenge03">
		<property name="name_key" value="quest_CarrierChallenge03"/>
		<property name="subtitle_key" value="quest_CarrierChallenge03"/>
		<property name="description_key" value="quest_CarrierChallenge03_description"/>
		<property name="icon" value="ui_game_symbol_gyrocopter"/>
		<property name="repeatable" value="false"/>
		<property name="category_key" value="quest"/>
		<property name="offer_key" value="quest_CarrierChallenge03_offer"/>
		<property name="difficulty" value="medium"/>
		<property name="shareable" value="False"/>
       
	   <action type="TrackQuest"/>

	   <objective type="FetchKeep" id="resourceForgedSteel" value="700" phase="1"/>
	   <objective type="FetchKeep" id="resourceDuctTape" value="120" phase="1"/>
	   <objective type="FetchKeep" id="resourceSpring" value="80" phase="1"/>
	   <objective type="FetchKeep" id="resourceMetalPipe" value="250" phase="1"/>
	   <objective type="FetchKeep" id="resourceMechanicalParts" value="150" phase="1"/>

	   <reward type="Exp" value="50"/>
	   <reward type="Item" id="gunT4Minigun" value="2-4"/>
	   <reward type="Item" id="quest_CarrierChallenge04_paper"/>
      </quest>

      <quest id="quest_CarrierChallenge04">
        <property name="name_key" value="quest_CarrierChallenge04"/>
	    <property name="subtitle_key" value="quest_CarrierChallenge04_subtitle"/>
	    <property name="description_key" value="quest_CarrierChallenge04_description"/>
	    <property name="icon" value="ui_game_symbol_quest" />
	    <property name="repeatable" value="false" />
	    <property name="category_key" value="challenge" />
	    <property name="difficulty" value="medium" />
	    <property name="difficulty_tier" value="2" param1="difficulty" />
	    <property name="offer_key" value="quest_CarrierChallenge04_offer"/>
	    <property name="statement_key" value="quest_CarrierChallenge04_statement" />
	    <property name="response_key" value="quest_CarrierChallenge04_response" />
	    <property name="reward_choices_count" value="5" />
	    <property name="extra_tags" value="infested" param1="extra_tags" />
	    <property name="shareable" value="false"/>
	    <property name="spawn_multiplier" value="2" param1="spawn_multiplier" />
	    <property name="gamestage_mod" value=".6" param1="gamestage_mod" />
	    <property name="gamestage_bonus" value="30" param1="gamestage_bonus" />

	    <property name="completiontype" value="TurnIn"/>
	    <property name="completion_key" value="quest_CarrierChallenge04_completion"/>

	   <action type="TrackQuest"/>

	   <objective type="ClosestPOIGoto">
	    <property name="distance" value="10"/>
	    <property name="phase" value="1"/>
	   </objective>
		 
       <objective type="RallyPoint">
	    <property name="phase" value="2" />
	    <property name="nav_object" value="rally" />
	    <property name="allowed_start_hour" value="22" />
	    <property name="allowed_end_hour" value="1" />
	    <property name="complete_event" value="quest_poi_lights_off" />
	   </objective>

	   <objective type="ClearSleepers">
	    <property name="phase" value="3" />
	    <property name="nav_object" value="sleeper_volume"/>
	   </objective>

	   <objective type="POIBlockActivate" >
	    <property name="phase" value="3" />
	    <property name="block_index" value="QuestRestorePower" />
	    <property name="nav_object" value="restore_power" />
	    <property name="complete_event" value="quest_poi_lights_on" />
	   </objective>

	   <objective type="POIStayWithin">
	    <property name="phase" value="3" />
	    <property name="radius" value="25" />
	   </objective>

	   <action type="UnlockPOI" >
	    <property name="phase" value="4"/>
	   </action>

	   <objective type="ReturnToNPC">
	    <property name="phase" value="4" />
	    <property name="nav_object" value="return_to_trader" />
	   </objective>

	   <objective type="InteractWithNPC">
	    <property name="phase" value="4" />
	    <property name="nav_object" value="return_to_trader" />
	   </objective>
		 
       <reward type="Exp" value="5060"/>
	   <reward type="Item" id="vehicleUH60accessories" />
	   <reward type="LootItem" id="groupQuestAmmo" ischosen="true" value="1"/>
	   <reward type="LootItem" id="groupQuestSchematics" ischosen="true" value="1"/>
	   <reward type="LootItem" id="groupQuestMods" ischosen="true" value="1"/>
	   <reward type="LootItem" id="groupQuestResources" ischosen="true" value="1"/>
	   <reward type="LootItem" id="groupQuestT1SkillMagazineBundle" ischosen="true" value="1"/>
	   <reward type="Quest" id="quest_CarrierChallenge05"/>
      </quest>

	  <quest id="quest_CarrierChallenge05">
        <property name="name_key" value="quest_CarrierChallenge05"/>
	    <property name="subtitle_key" value="quest_CarrierChallenge05_subtitle"/>
	    <property name="description_key" value="quest_CarrierChallenge05_description"/>
	    <property name="icon" value="ui_game_symbol_gyrocopter"/>
	    <property name="repeatable" value="false"/>
	    <property name="category_key" value="challenge"/>
	    <property name="offer_key" value="quest_CarrierChallenge05_offer"/>
	    <property name="difficulty" value="medium"/>
	    <property name="shareable" value="false"/>

	   <action type="TrackQuest"/>

	   <objective type="FetchKeep" id="vehicleUH60chassis" value="1" phase="1"/>
	   <!-- <objective type="Craft" id="vehicleUH60accessories" value="1" phase="1"/> -->
	   <objective type="FetchKeep" id="smallEngine" value="2" phase="1"/>
	   <objective type="FetchKeep" id="carBattery" value="2" phase="1"/>
	   <objective type="FetchKeep" id="vehicleWheels" value="3" phase="1"/>
	   <objective type="FetchKeep" id="vehicleUH60placeable" value="1" phase="2"/>

	   <reward type="Quest" id="quest_CarrierChallenge06"/>
      </quest>
					
      <quest id="quest_CarrierChallenge06">
        <property name="name_key" value="quest_CarrierChallenge06" param1="name"/>
	    <property name="subtitle_key" value="quest_CarrierChallenge06"/>
	    <property name="description_key" value="quest_CarrierChallenge06"/>
	    <property name="icon" value="ui_game_symbol_quest"/>
	    <property name="repeatable" value="false"/>
	    <property name="category_key" value="quest"/>
	    <property name="offer_key" value="quest_CarrierChallenge06" param1="offer"/>
	    <property name="difficulty" value="medium"/>
	    <property name="difficulty_tier" value="2" param1="difficulty"/>
	    <property name="statement_key" value="quest_infestation_statement"/>
	    <property name="response_key" value="quest_infestation_response"/>
	    <property name="login_rally_reset" value="true"/>
	    <!-- <property name="reward_choices_count" value="5" /> -->
	    <property name="extra_tags" value="infested" param1="extra_tags" />
	    <property name="shareable" value="false"/>
	    <property name="spawn_multiplier" value="2" param1="spawn_multiplier" />
	    <property name="gamestage_mod" value=".6" param1="gamestage_mod" />
	    <property name="gamestage_bonus" value="30" param1="gamestage_bonus" />

	    <property name="completiontype" value="TurnIn"/>
	    <property name="completion_key" value="quest_clear_completion"/>

       <objective type="RandomPOIGoto">
	    <property name="phase" value="1"/>
	    <property name="nav_object" value="quest" />
	    <property name="poi_tier" value="2" param1="poi_tier" />
       </objective>
	   
       <objective type="RallyPoint">
	    <property name="phase" value="2"/>
	    <property name="nav_object" value="rally" />
       </objective>

       <objective type="ClearSleepers">
	    <property name="phase" value="3"/>
	    <property name="nav_object" value="sleeper_volume"/>
       </objective>

       <objective type="POIStayWithin">
	    <property name="phase" value="3"/>
	    <property name="radius" value="25"/>
       </objective>

       <action type="UnlockPOI" >
	    <property name="phase" value="4"/>
       </action>

       <objective type="Goto" id="trader" value="1" phase="1">
	    <property name="nav_object" value="go_to_trader" />
       </objective>

       <objective type="InteractWithNPC">
	    <property name="phase" value="1"/>
	    <property name="nav_object" value="return_to_trader" />
	    <property name="use_closest" value="true" />
       </objective>

       <!-- <reward type="Exp" value="500"/> -->
       <reward type="Quest" id="Completion"/>
      </quest>

      <quest id="Completion">
        <property name="group_name_key" value="Challenge_Completion"/>
        <property name="name_key" value="Challenge_Completion"/>
        <property name="subtitle_key" value="Challenge_Completion_subtitle"/>
        <property name="description_key" value="Challenge_Completion_description"/>
        <property name="icon" value="ui_game_symbol_map_trader"/>
        <property name="category" value="Congratulations!"/>
        <property name="difficulty" value="easy"/>
        <property name="shareable" value="false"/>

       <action type="ShowTip" value="Quest_Completion_tip">
        <property name="delay" value="3"/>
       </action>
      </quest>

      <quest id="quest_eliminatezombies10">
        <property name="offer_key" value="Accept this quest to eliminate 500 Zombies through multiple smaller stages. Eliminate 10 in the first stage for 20 Dukes, 15 for 1500 XP, 25 for 1250 Dukes, 50 for 5000 XP, 75 for 3750 Dukes, 125 for 12500 XP, and 200 for 2 Skill Points and Flamethrower. This Quest repeats in an endless loop." />
		<property name="name_key" value="10 Zombies" />
		<property name="subtitle_key" value="10 Zombies" />
		<property name="description_key" value="Accept this quest to eliminate 500 Zombies through multiple smaller stages. Eliminate 10 in the first stage for 20 Dukes, 15 for 1500 XP, 25 for 1250 Dukes, 50 for 5000 XP, 75 for 3750 Dukes, 125 for 12500 XP, and 200 for 2 Skill Points and Flamethrower. This Quest repeats in an endless loop." />
		<property name="icon" value="ui_game_symbol_zombie"/>
		<property name="repeatable" value="true"/>
		<property name="category_key" value="Quest"/>
		<property name="difficulty" value="easy"/>
		<property name="shareable" value="false"/>

	   <objective type="EntityKill" value="10" phase="1">
		<property name="target_tags" value="zombie" />
	   </objective>

	   <reward type="Item" id="casinoCoin" value="20"/>
       <reward type="Quest" id="quest_eliminatezombies15">
        <property name="chainquest" value="false"/>
	   </reward>
      </quest>

	  <quest id="quest_eliminatezombies15">
        <property name="offer_key" value="Accept this quest to eliminate 500 Zombies through multiple smaller stages. Eliminate 10 in the first stage for 20 Dukes, 15 for 1500 XP, 25 for 1250 Dukes, 50 for 5000 XP, 75 for 3750 Dukes, 125 for 12500 XP, and 200 for 2 Skill Points and Flamethrower. This Quest repeats in an endless loop." />
		<property name="name_key" value="15 Zombies" />
		<property name="subtitle_key" value="15 Zombies" />
		<property name="description_key" value="Accept this quest to eliminate 500 Zombies through multiple smaller stages. Eliminate 10 in the first stage for 20 Dukes, 15 for 1500 XP, 25 for 1250 Dukes, 50 for 5000 XP, 75 for 3750 Dukes, 125 for 12500 XP, and 200 for 2 Skill Points and Flamethrower. This Quest repeats in an endless loop." />
		<property name="icon" value="ui_game_symbol_zombie"/>
		<property name="repeatable" value="true"/>
		<property name="category_key" value="Quest"/>
		<property name="difficulty" value="easy"/>
		<property name="shareable" value="false"/>

	   <objective type="EntityKill" value="15" phase="1">
		<property name="target_tags" value="zombie" />
	   </objective>

	   <reward type="Exp" value="1500"/>
       <reward type="Quest" id="quest_eliminatezombies25">
		<property name="chainquest" value="false"/>
	   </reward>
      </quest>

	  <quest id="quest_eliminatezombies25">
        <property name="offer_key" value="Accept this quest to eliminate 500 Zombies through multiple smaller stages. Eliminate 10 in the first stage for 20 Dukes, 15 for 1500 XP, 25 for 1250 Dukes, 50 for 5000 XP, 75 for 3750 Dukes, 125 for 12500 XP, and 200 for 2 Skill Points and Flamethrower. This Quest repeats in an endless loop." />
		<property name="name_key" value="25 Zombies" />
		<property name="subtitle_key" value="25 Zombies" />
		<property name="description_key" value="Accept this quest to eliminate 500 Zombies through multiple smaller stages. Eliminate 10 in the first stage for 20 Dukes, 15 for 1500 XP, 25 for 1250 Dukes, 50 for 5000 XP, 75 for 3750 Dukes, 125 for 12500 XP, and 200 for 2 Skill Points and Flamethrower. This Quest repeats in an endless loop." />
		<property name="icon" value="ui_game_symbol_zombie"/>
		<property name="repeatable" value="true"/>
		<property name="category_key" value="Quest"/>
		<property name="difficulty" value="easy"/>
		<property name="shareable" value="false"/>

	   <objective type="EntityKill" value="25" phase="1">
		<property name="target_tags" value="zombie" />
	   </objective>

	   <reward type="Item" id="casinoCoin" value="1250"/>
       <reward type="Quest" id="quest_eliminatezombies50">
		<property name="chainquest" value="false"/>
	   </reward>
      </quest>

	  <quest id="quest_eliminatezombies50">
        <property name="offer_key" value="Accept this quest to eliminate 500 Zombies through multiple smaller stages. Eliminate 10 in the first stage for 20 Dukes, 15 for 1500 XP, 25 for 1250 Dukes, 50 for 5000 XP, 75 for 3750 Dukes, 125 for 12500 XP, and 200 for 2 Skill Points and Flamethrower. This Quest repeats in an endless loop." />
		<property name="name_key" value="50 Zombies" />
		<property name="subtitle_key" value="50 Zombies" />
		<property name="description_key" value="Accept this quest to eliminate 500 Zombies through multiple smaller stages. Eliminate 10 in the first stage for 20 Dukes, 15 for 1500 XP, 25 for 1250 Dukes, 50 for 5000 XP, 75 for 3750 Dukes, 125 for 12500 XP, and 200 for 2 Skill Points and Flamethrower. This Quest repeats in an endless loop." />
		<property name="icon" value="ui_game_symbol_zombie"/>
		<property name="repeatable" value="true"/>
		<property name="category_key" value="Quest"/>
		<property name="difficulty" value="easy"/>
		<property name="shareable" value="false"/>

	   <objective type="EntityKill" value="50" phase="1">
		<property name="target_tags" value="zombie" />
	   </objective>

	   <reward type="Exp" value="5000"/>
       <reward type="Quest" id="quest_eliminatezombies75">
		<property name="chainquest" value="false"/>
	   </reward>
      </quest>

	  <quest id="quest_eliminatezombies75">
        <property name="offer_key" value="Accept this quest to eliminate 500 Zombies through multiple smaller stages. Eliminate 10 in the first stage for 20 Dukes, 15 for 1500 XP, 25 for 1250 Dukes, 50 for 5000 XP, 75 for 3750 Dukes, 125 for 12500 XP, and 200 for 2 Skill Points and Flamethrower. This Quest repeats in an endless loop." />
	    <property name="name_key" value="75 Zombies" />
	    <property name="subtitle_key" value="75 Zombies" />
	    <property name="description_key" value="Accept this quest to eliminate 500 Zombies through multiple smaller stages. Eliminate 10 in the first stage for 20 Dukes, 15 for 1500 XP, 25 for 1250 Dukes, 50 for 5000 XP, 75 for 3750 Dukes, 125 for 12500 XP, and 200 for 2 Skill Points and Flamethrower. This Quest repeats in an endless loop." />
	    <property name="icon" value="ui_game_symbol_zombie"/>
	    <property name="repeatable" value="true"/>
	    <property name="category_key" value="Quest"/>
		<property name="difficulty" value="easy"/>
		<property name="shareable" value="false"/>

	   <objective type="EntityKill" value="75" phase="1">
		<property name="target_tags" value="zombie" />
	   </objective>
	   <reward type="Item" id="casinoCoin" value="3750"/>
       <reward type="Quest" id="quest_eliminatezombies125">
		<property name="chainquest" value="false"/>
	   </reward>
      </quest>

	  <quest id="quest_eliminatezombies125">
        <property name="offer_key" value="Accept this quest to eliminate 500 Zombies through multiple smaller stages. Eliminate 10 in the first stage for 20 Dukes, 15 for 1500 XP, 25 for 1250 Dukes, 50 for 5000 XP, 75 for 3750 Dukes, 125 for 12500 XP, and 200 for 2 Skill Points and Flamethrower. This Quest repeats in an endless loop." />
		<property name="name_key" value="125 Zombies" />
		<property name="subtitle_key" value="125 Zombies" />
		<property name="description_key" value="Accept this quest to eliminate 500 Zombies through multiple smaller stages. Eliminate 10 in the first stage for 20 Dukes, 15 for 1500 XP, 25 for 1250 Dukes, 50 for 5000 XP, 75 for 3750 Dukes, 125 for 12500 XP, and 200 for 2 Skill Points and Flamethrower. This Quest repeats in an endless loop." />
		<property name="icon" value="ui_game_symbol_zombie"/>
		<property name="repeatable" value="true"/>
		<property name="category_key" value="Quest"/>
		<property name="difficulty" value="easy"/>
		<property name="shareable" value="false"/>

	   <objective type="EntityKill" value="125" phase="1">
		<property name="target_tags" value="zombie" />
	   </objective>
       <reward type="Exp" value="12500"/>
       <reward type="Quest" id="quest_eliminatezombies200">
		<property name="chainquest" value="false"/>
	   </reward>
      </quest>

	  <quest id="quest_eliminatezombies200">
        <property name="offer_key" value="Accept this quest to eliminate 500 Zombies through multiple smaller stages. Eliminate 10 in the first stage for 20 Dukes, 15 for 1500 XP, 25 for 1250 Dukes, 50 for 5000 XP, 75 for 3750 Dukes, 125 for 12500 XP, and 200 for 2 Skill Points and Flamethrower. This Quest repeats in an endless loop." />
		<property name="name_key" value="200 Zombies" />
		<property name="subtitle_key" value="200 Zombies" />
		<property name="description_key" value="Accept this quest to eliminate 500 Zombies through multiple smaller stages. Eliminate 10 in the first stage for 20 Dukes, 15 for 1500 XP, 25 for 1250 Dukes, 50 for 5000 XP, 75 for 3750 Dukes, 125 for 12500 XP, and 200 for 2 Skill Points and Flamethrower. This Quest repeats in an endless loop." />
		<property name="icon" value="ui_game_symbol_zombie"/>
		<property name="repeatable" value="true"/>
		<property name="category_key" value="Quest"/>
		<property name="difficulty" value="easy"/>
		<property name="shareable" value="false"/>
       
	   <objective type="EntityKill" value="200" phase="1">
		<property name="target_tags" value="zombie" />
	   </objective>
       <reward type="SkillPoints" value="2" chainreward="false"/>
	   <reward type="Item" id="gunT4Flamethrower" value="1-6"/>
	   <reward type="Quest" id="quest_eliminatezombies10">
		<property name="chainquest" value="false"/>
	   </reward>
      </quest>

	  <!-- End Removal of quests that don't fit in to this pack / quests that are placed outside the main POI for this pack -->
			
	  </insertBefore>
</configs>